Name,Email,Company Name,Job Title,Message from Lead
Sarah Johnson,sarah.johnson@brighttech.io,BrightTech Solutions,VP of Operations,"We're looking for automation tools to streamline our internal operations. Currently using manual processes for lead management and customer onboarding. Need something scalable."
Michael Chen,m.chen@globalfinance.com,Global Finance Corp,Chief Technology Officer,"Interested in AI-powered analytics for our financial reporting. We process over 10,000 transactions daily and need better insights."
Emily Rodriguez,emily.r@startupxyz.co,StartupXYZ,Founder & CEO,"Just launched our SaaS product. Looking for tools to help us scale customer support without hiring a large team. Budget is limited but growing."
James Wilson,jwilson@healthcareplus.org,HealthcarePlus,Director of IT,"Need HIPAA-compliant automation solutions for patient data processing. Currently have 50+ clinics nationwide."
Amanda Foster,afoster@retailgiant.com,RetailGiant Inc,E-commerce Manager,"Looking to improve our customer engagement. Have 2M+ customers and want personalized marketing automation."
David Kim,david.kim@techstartup.io,TechStartup Labs,Product Manager,"Exploring AI solutions for our product recommendation engine. We're a Series A startup with strong growth."
Lisa Thompson,lisa.t@edulearn.edu,EduLearn Academy,Academic Director,"Interested in AI tutoring solutions for our online learning platform. Serving 100,000+ students globally."
Robert Martinez,rmartinez@constructco.com,ConstructCo Builders,Operations Director,"Need project management automation for our construction projects. Managing 20+ active sites."
Jennifer Lee,jlee@mediagroup.tv,MediaGroup Entertainment,Marketing Director,"Looking for AI content generation and social media automation. We produce content for 5M+ followers."
Christopher Brown,cbrown@legalfirm.law,Brown & Associates Legal,Managing Partner,"Interested in document automation and contract analysis tools. Small firm with 15 attorneys."
test@test.com,test@test.com,Test Company,Tester,"Just testing the form, please ignore."
Patricia White,pwhite@insuranceone.com,InsuranceOne,Claims Manager,"Need automation for claims processing. Currently handling 1000+ claims per week manually."
Daniel Taylor,dtaylor@logisticspro.com,LogisticsPro Solutions,Supply Chain Manager,"Looking for AI-powered demand forecasting. We manage logistics for 200+ retail locations."
Michelle Garcia,mgarcia@beautybrands.com,Beauty Brands International,Brand Manager,"Interested in AI for trend analysis and inventory management. Launching 50 new products this year."
William Anderson,wanderson@bankingsecure.com,SecureBank National,VP of Digital Banking,"Exploring AI chatbot solutions for customer service. Serving 500,000+ customers."
asdf asdf,fake@email.fake,,,""
Jessica Thomas,jthomas@pharmaresearch.com,PharmaResearch Labs,Research Director,"Need AI for drug discovery data analysis. Working on 3 major research projects."
Matthew Jackson,mjackson@autodealer.com,Premier Auto Group,Sales Manager,"Looking for lead scoring and CRM automation. We have 10 dealership locations."
Stephanie Clark,sclark@nonprofithelp.org,NonProfit Helpers,Executive Director,"Interested in donor management automation. Small team managing 5000+ donors."
Andrew Harris,aharris@realestatepro.com,RealEstate Professionals,Broker,"Need AI for property valuation and market analysis. Managing 500+ listings."
Rachel Moore,rmoore@foodservice.com,FoodService Solutions,Operations VP,"Looking for kitchen automation and inventory management AI. Operating 100+ restaurant locations."
Kevin Young,kyoung@itconsult.com,IT Consulting Group,Senior Consultant,"Want to explore AI tools for our clients. Looking for partnership opportunities."
Laura King,lking@fashionretail.com,Fashion Forward Retail,Merchandise Director,"Interested in AI for demand forecasting and trend prediction. Multi-channel retailer."
Brandon Scott,bscott@sportsteam.com,City Sports League,Marketing Coordinator,"Looking for fan engagement automation. Managing social media for 5 sports teams."
Christina Adams,cadams@accountingfirm.com,Adams Accounting Services,Partner,"Need automation for tax preparation and client reporting. Serving 500+ small business clients."
